1,98122,Dan Roberts,203746592836,tree@aol.com,786,2020-08-08,333 Green Hill Road,Suitland,MD,98122,pending,2015-11-07 12:34:56
2,98122,Kari Bancroft,300746592834,tree@aol.com,192,2020-08-09,334 Green Hill Drive,Seattle,WA,98122,paid,2013-11-07 12:34:56
3,98122,Crystal Hess,140746593836,tree@aol.com,223,2020-08-10,335 Blantant Road,Denver,CO,98122,complete,2015-11-07 12:34:56
4,98122,Yasmin Or,184746592833,tree@aol.com,655,2020-08-11,336 South Bay Ave.,Jacksonville,FL,98122,complete,2013-11-07 12:34:56
5,98122,Kate Shaffer,785746592831,tree@aol.com,899,2020-08-12,337 Lavendar Place,Atlanta,GA,98122,complete,2016-10-07 12:34:56
6,32225,Diane Pavitt,129746592836,tree@aol.com,462,2020-08-13,338 Why Drive,Portland,OR,32225,complete,2016-10-08 12:34:56
7,32225,Natasha Ewing,683462592836,tree@aol.com,873,2020-08-14,339 Belmont Lane,New York,NY,32225,cancelled,2016-10-09 12:34:56
8,32225,Esther Ng,123746592836,tree@aol.com,112,2020-08-15,340 Private Room St.,Dover,DE,32225,paid,2016-10-10 12:34:56
9,32225,Kate Applegate,213746592836,tree@aol.com,213,2020-08-16,341 Pleasure Bay Dr.,Mobile,AL,32225,pending,2016-10-11 12:34:56
10,32225,Kalidi Brother,40046592836,tree@aol.com,908,2020-08-17,342 Pike St.,Tampa,Fl,32225,paid,2016-10-12 12:34:56
